"","session_id","referrer","anch3group","anchoring3"
"2907",2374915,"pi","lowanchor",12520
"2908",2374924,"pi","highanchor",28000
"2909",2374971,"pi","lowanchor",32000
"2910",2375038,"pi","lowanchor",2500
"2911",2375052,"pi","lowanchor",10500
"2912",2375054,"pi","lowanchor",2300
"2913",2375070,"pi","highanchor",30000
"2915",2375142,"pi","highanchor",37809
"2916",2375144,"pi","highanchor",18000
"2917",2375157,"pi","lowanchor",10000
"2918",2375168,"pi","highanchor",12000
"2919",2375176,"pi","lowanchor",12900
"2920",2375182,"pi","lowanchor",28000
"2921",2375215,"pi","lowanchor",18000
"2922",2375225,"pi","highanchor",45000
"2924",2375320,"pi","lowanchor",25000
"2925",2375322,"pi","highanchor",25000
"2926",2375383,"pi","lowanchor",2500
"2927",2375443,"pi","highanchor",30000
"2928",2375461,"pi","lowanchor",13000
"2929",2375465,"pi","highanchor",44500
"2930",2375473,"pi","lowanchor",15000
"2931",2375480,"pi","highanchor",25000
"2932",2375482,"pi","highanchor",39000
"2934",2375682,"pi","lowanchor",6000
"2935",2375747,"pi","highanchor",28000
"2936",2375751,"pi","highanchor",34520
"2937",2375759,"pi","lowanchor",2200
"2938",2375787,"pi","lowanchor",2500
"2939",2375799,"pi","highanchor",20000
"2940",2375811,"pi","lowanchor",29000
"2942",2375851,"pi","highanchor",40000
"2943",2375858,"pi","lowanchor",25000
"2944",2375902,"pi","lowanchor",2500
"2945",2375912,"pi","lowanchor",10000
"2946",2375933,"pi","highanchor",30000
"2947",2375936,"pi","highanchor",35000
"2948",2375942,"pi","highanchor",39000
"2949",2375978,"pi","highanchor",37250
"2950",2375984,"pi","highanchor",40000
"2951",2376014,"pi","lowanchor",26500
"2952",2376133,"pi","highanchor",45000
"2953",2376147,"pi","highanchor",45000
"2954",2376170,"pi","lowanchor",5000
"2956",2376237,"pi","lowanchor",10000
"2957",2376261,"pi","highanchor",42000
"2958",2376264,"pi","highanchor",20000
"2959",2376348,"pi","lowanchor",2500
"2960",2376351,"pi","lowanchor",10000
"2961",2376367,"pi","lowanchor",30000
"2962",2376368,"pi","highanchor",43000
"2963",2376377,"pi","lowanchor",20000
"2964",2376383,"pi","highanchor",18000
"2965",2376385,"pi","highanchor",40000
"2967",2376471,"pi","lowanchor",2050
"2968",2376485,"pi","highanchor",28000
"2969",2376497,"pi","highanchor",29000
"2970",2376498,"pi","lowanchor",5760
"2971",2376509,"pi","highanchor",44999
"2972",2376533,"pi","lowanchor",29000
"2973",2376548,"pi","lowanchor",30000
"2974",2376570,"pi","lowanchor",5000
"2975",2376586,"pi","highanchor",35000
"2976",2376661,"pi","highanchor",43000
"2977",2376686,"pi","lowanchor",8000
"2978",2376712,"pi","highanchor",35000
"2979",2376752,"pi","lowanchor",14000
"2980",2376766,"pi","highanchor",29000
"2981",2376818,"pi","highanchor",30000
"2983",2376821,"pi","lowanchor",5500
"2984",2376845,"pi","highanchor",40500
"2985",2376861,"pi","lowanchor",22000
"2986",2376874,"pi","highanchor",45000
"2987",2376893,"pi","lowanchor",6000
"2990",2376948,"pi","lowanchor",10000
"2991",2376962,"pi","lowanchor",2600
"2992",2376971,"pi","highanchor",40000
"2993",2376973,"pi","highanchor",45000
"2994",2376988,"pi","lowanchor",19864
"2995",2377002,"pi","highanchor",29382
"2996",2377008,"pi","lowanchor",5000
"2997",2377060,"pi","highanchor",37000
"2998",2377064,"pi","lowanchor",4000
"2999",2377090,"pi","lowanchor",21960
"3000",2377110,"pi","lowanchor",40000
"3001",2377134,"pi","highanchor",42000
"3002",2377163,"pi","lowanchor",40000
"3003",2377180,"pi","lowanchor",2500
"3004",2377193,"pi","highanchor",42816
"3005",2377213,"pi","lowanchor",20000
"3006",2377216,"pi","lowanchor",15000
"3007",2377227,"pi","lowanchor",37000
"3008",2377235,"pi","highanchor",30000
"3009",2377260,"pi","highanchor",45200
"3010",2377266,"pi","lowanchor",5000
"3011",2377338,"pi","lowanchor",28000
"3012",2377354,"pi","highanchor",27000
"3013",2377407,"pi","lowanchor",2050
"3014",2377553,"pi","highanchor",29000
"3015",2377754,"pi","highanchor",35000
"3016",2377933,"pi","highanchor",33000
"3017",2377957,"pi","highanchor",42000
"3018",2377970,"pi","highanchor",41350
"3019",2377989,"pi","lowanchor",12586
"3020",2377997,"pi","lowanchor",16000
"3021",2378031,"pi","highanchor",30000
"3022",2378061,"pi","highanchor",31000
"3023",2378071,"pi","lowanchor",2715
"3025",2378091,"pi","lowanchor",10000
"3026",2378098,"pi","lowanchor",28000
"3027",2378104,"pi","lowanchor",20000
"3028",2378107,"pi","highanchor",25000
"3029",2378118,"pi","lowanchor",16000
"3030",2378148,"pi","highanchor",30000
"3031",2378165,"pi","lowanchor",2435
"3032",2378174,"pi","highanchor",45000
"3033",2378182,"pi","lowanchor",8500
"3034",2378202,"pi","lowanchor",16450
"3035",2378213,"pi","highanchor",43000
"3036",2378257,"pi","lowanchor",29000
"3037",2378277,"pi","lowanchor",20000
"3038",2378291,"pi","lowanchor",10000
"3040",2378337,"pi","lowanchor",2700
"3043",2378525,"pi","lowanchor",10000
"3044",2378601,"pi","highanchor",44000
"3045",2378622,"pi","highanchor",38600
"3046",2378660,"pi","highanchor",26000
"3047",2378696,"pi","lowanchor",6800
"3048",2378706,"pi","lowanchor",30000
"3050",2378743,"pi","highanchor",30000
"3053",2378805,"pi","highanchor",20000
"3055",2378814,"pi","highanchor",40000
"3056",2378846,"pi","highanchor",40000
"3057",2378861,"pi","highanchor",25000
"3058",2378868,"pi","lowanchor",7000
"3059",2378920,"pi","highanchor",20000
"3060",2378931,"pi","highanchor",3000
"3061",2378957,"pi","lowanchor",28000
"3062",2378972,"pi","lowanchor",10000
"3063",2378991,"pi","highanchor",28500
"3064",2378998,"pi","lowanchor",28000
"3065",2379007,"pi","highanchor",39000
"3066",2379029,"pi","lowanchor",30000
"3067",2379037,"pi","highanchor",38000
"3068",2379044,"pi","lowanchor",10000
"3069",2379085,"pi","highanchor",24500
"3070",2379090,"pi","lowanchor",10000
"3071",2379116,"pi","lowanchor",30000
"3072",2379135,"pi","highanchor",40000
"3073",2379156,"pi","highanchor",38000
"3075",2379190,"pi","lowanchor",28000
"3076",2379222,"pi","highanchor",38000
"3077",2379227,"pi","highanchor",39000
"3078",2379299,"pi","lowanchor",2500
"3079",2379333,"pi","lowanchor",14000
"3080",2379335,"pi","highanchor",38000
"3081",2379337,"pi","highanchor",25000
"3082",2379342,"pi","lowanchor",26411
"3083",2379343,"pi","lowanchor",29029
"3084",2379349,"pi","lowanchor",9000
"3085",2379353,"pi","lowanchor",29029
"3086",2379369,"pi","lowanchor",2500
"3087",2379377,"pi","lowanchor",2312
"3088",2379416,"pi","highanchor",45000
"3089",2379417,"pi","highanchor",32000
"3090",2379427,"pi","highanchor",40000
"3092",2379483,"pi","lowanchor",32000
"3093",2379551,"pi","lowanchor",26000
"3094",2379593,"pi","highanchor",39600
"3095",2379625,"pi","lowanchor",4000
"3096",2379633,"pi","lowanchor",27000
"3097",2379845,"pi","lowanchor",3000
"3098",2379848,"pi","highanchor",39000
"3100",2379898,"pi","highanchor",25000
"3101",2379952,"pi","highanchor",40000
"3102",2379972,"pi","lowanchor",7563
"3103",2379979,"pi","lowanchor",3000
"3105",2379994,"pi","highanchor",34250
"3106",2380006,"pi","lowanchor",26000
"3107",2380054,"pi","lowanchor",3500
"3108",2380094,"pi","lowanchor",29000
"3109",2380160,"pi","highanchor",45000
"3110",2380175,"pi","highanchor",43000
"3111",2380176,"pi","highanchor",36000
"3112",2380183,"pi","highanchor",29000
"3113",2380194,"pi","highanchor",35000
"3114",2380203,"pi","highanchor",15000
"3115",2380313,"pi","lowanchor",30000
"3116",2380324,"pi","highanchor",35000
"3117",2380325,"pi","lowanchor",12000
"3118",2380327,"pi","highanchor",30000
"3119",2380341,"pi","highanchor",40000
"3120",2380346,"pi","highanchor",29000
"3121",2380348,"pi","highanchor",28000
"3122",2380355,"pi","highanchor",25000
"3123",2380360,"pi","lowanchor",23000
"3124",2380372,"pi","lowanchor",27000
"3125",2380381,"pi","lowanchor",29020
"3126",2380415,"pi","highanchor",40000
"3127",2380418,"pi","highanchor",44500
"3128",2380433,"pi","highanchor",14000
"3129",2380456,"pi","lowanchor",15000
"3130",2380493,"pi","highanchor",32000
"3131",2380530,"pi","highanchor",40000
"3132",2380629,"pi","highanchor",32000
"3133",2380643,"pi","lowanchor",11000
"3134",2380654,"pi","highanchor",45000
"3135",2380660,"pi","highanchor",45000
"3136",2380739,"pi","highanchor",35000
"3137",2380789,"pi","lowanchor",20000
"3138",2380841,"pi","highanchor",20000
"3139",2380842,"pi","lowanchor",12000
"3140",2380944,"pi","lowanchor",30000
"3141",2380954,"pi","lowanchor",26000
"3142",2380960,"pi","lowanchor",36000
"3143",2381016,"pi","highanchor",29000
"3144",2381037,"pi","lowanchor",4600
"3145",2381170,"pi","lowanchor",3875
"3146",2381173,"pi","highanchor",40000
"3147",2381178,"pi","highanchor",22438
"3148",2381367,"pi","lowanchor",5480
"3149",2381380,"pi","highanchor",29500
"3150",2381436,"pi","lowanchor",2400
"3151",2381440,"pi","lowanchor",13000
"3152",2381441,"pi","lowanchor",20000
"3153",2381442,"pi","highanchor",25495
"3154",2381489,"pi","lowanchor",10000
"3157",2381626,"pi","highanchor",39000
"3158",2381651,"pi","highanchor",32000
"3159",2381746,"pi","highanchor",42396
"3160",2381759,"pi","lowanchor",6000
"3161",2381767,"pi","highanchor",20000
"3162",2381811,"pi","lowanchor",29000
"3163",2381855,"pi","lowanchor",20000
"3164",2381869,"pi","lowanchor",30000
"3165",2381886,"pi","lowanchor",6000
"3166",2381891,"pi","lowanchor",14000
"3167",2381927,"pi","highanchor",43000
"3168",2382000,"pi","highanchor",29000
"3169",2382016,"pi","highanchor",38900
"3170",2382020,"pi","highanchor",30567
"3171",2382025,"pi","highanchor",45499
"3173",2382197,"pi","lowanchor",4000
"3174",2382210,"pi","highanchor",35000
"3175",2382234,"pi","highanchor",20000
"3176",2382261,"pi","lowanchor",45000
"3177",2382280,"pi","lowanchor",24000
"3178",2382284,"pi","lowanchor",4000
"3179",2382294,"pi","highanchor",40000
"3180",2382296,"pi","lowanchor",5000
"3181",2382352,"pi","lowanchor",7500
"3182",2382381,"pi","highanchor",6000
"3183",2382387,"pi","highanchor",43000
"3184",2382398,"pi","lowanchor",2457
"3185",2382435,"pi","lowanchor",10000
"3186",2382466,"pi","highanchor",43350
"3187",2382475,"pi","highanchor",25000
"3188",2382478,"pi","lowanchor",3300
"3189",2382484,"pi","highanchor",45000
"3191",2382554,"pi","highanchor",40000
"3192",2382570,"pi","highanchor",38000
"3194",2382607,"pi","highanchor",40000
"3195",2382611,"pi","highanchor",44000
"3196",2382623,"pi","lowanchor",27000
"3198",2382639,"pi","lowanchor",27000
"3199",2382662,"pi","highanchor",29500
"3200",2382713,"pi","highanchor",43400
"3203",2382798,"pi","lowanchor",3000
"3204",2382809,"pi","lowanchor",2003
"3205",2382891,"pi","highanchor",36000
"3206",2382896,"pi","highanchor",23000
"3207",2382938,"pi","highanchor",44000
"3208",2382943,"pi","highanchor",45000
"3209",2383131,"pi","lowanchor",4000
"3210",2383194,"pi","lowanchor",32000
"3211",2383314,"pi","highanchor",29100
"3212",2383453,"pi","lowanchor",3500
"3213",2383507,"pi","highanchor",43000
"3214",2383612,"pi","highanchor",29028
"3215",2383645,"pi","highanchor",25000
"3216",2383647,"pi","lowanchor",3500
"3217",2383776,"pi","highanchor",28000
"3219",2383950,"pi","lowanchor",18000
"3220",2384078,"pi","highanchor",18000
"3221",2384108,"pi","highanchor",29029
"3222",2384122,"pi","highanchor",12000
"3223",2384151,"pi","highanchor",42150
"3224",2384204,"pi","highanchor",40000
"3225",2384239,"pi","highanchor",35000
"3226",2384288,"pi","lowanchor",6000
"3227",2384329,"pi","highanchor",30000
"3228",2384367,"pi","lowanchor",6000
"3229",2384730,"pi","lowanchor",3700
"3230",2384795,"pi","highanchor",30000
"3231",2384897,"pi","lowanchor",29028
"3232",2384908,"pi","lowanchor",29030
"3233",2385056,"pi","highanchor",30000
"3234",2385090,"pi","highanchor",45000
"3235",2385388,"pi","lowanchor",8500
"3236",2385428,"pi","lowanchor",3000
"3237",2385467,"pi","highanchor",30000
"3238",2385542,"pi","highanchor",45000
"3240",2386016,"pi","highanchor",42000
"3242",2386067,"pi","lowanchor",2500
"3243",2386106,"pi","lowanchor",16500
"3244",2386214,"pi","highanchor",20000
"3245",2386239,"pi","lowanchor",2500
"3246",2386263,"pi","highanchor",32000
"3247",2386286,"pi","highanchor",27765
"3248",2386419,"pi","highanchor",44929
"3249",2386735,"pi","lowanchor",7000
"3250",2387031,"pi","highanchor",45000
"3251",2387346,"pi","highanchor",41500
"3253",2387534,"pi","lowanchor",3450
"3254",2387635,"pi","highanchor",35000
"3255",2387683,"pi","lowanchor",7000
"3256",2387690,"pi","lowanchor",12000
"3257",2387709,"pi","highanchor",28000
"3258",2387718,"pi","lowanchor",5000
"3259",2387731,"pi","lowanchor",29000
"3260",2387759,"pi","highanchor",4500
"3261",2387774,"pi","highanchor",45000
"3262",2387807,"pi","highanchor",30000
"3263",2387809,"pi","lowanchor",2300
"3264",2387830,"pi","lowanchor",18000
"3265",2387965,"pi","highanchor",44000
"3266",2388005,"pi","highanchor",28500
"3267",2388006,"pi","highanchor",29000
"3268",2388013,"pi","highanchor",38000
"3269",2388024,"pi","highanchor",30000
"3271",2388127,"pi","lowanchor",2235
"3272",2388169,"pi","highanchor",29029
"3273",2388172,"pi","lowanchor",2500
"3274",2388224,"pi","lowanchor",2500
"3275",2388292,"pi","highanchor",9000
"3276",2388344,"pi","lowanchor",10000
"3277",2388456,"pi","lowanchor",5000
"3278",2388474,"pi","highanchor",36000
"3279",2388551,"pi","highanchor",35000
"3280",2388565,"pi","highanchor",45000
"3281",2388600,"pi","highanchor",29000
"3282",2389116,"pi","lowanchor",18000
"3285",2389216,"pi","highanchor",36000
"3286",2389221,"pi","highanchor",25000
"3287",2389230,"pi","lowanchor",2500
"3288",2389376,"pi","highanchor",45000
"3289",2389466,"pi","highanchor",39000
"3290",2389500,"pi","highanchor",40000
"3291",2389592,"pi","lowanchor",5000
"3292",2389614,"pi","highanchor",45000
"3295",2389709,"pi","lowanchor",10000
"3296",2389807,"pi","lowanchor",10000
"3297",2389954,"pi","highanchor",40000
"3298",2389959,"pi","lowanchor",5500
"3300",2390034,"pi","highanchor",38000
"3301",2390077,"pi","highanchor",33000
"3302",2390134,"pi","highanchor",38000
"3303",2390158,"pi","highanchor",45000
"3304",2390161,"pi","lowanchor",5000
"3305",2390252,"pi","highanchor",29000
"3306",2390260,"pi","lowanchor",2200
"3307",2390270,"pi","lowanchor",2500
"3308",2390297,"pi","lowanchor",12200
"3309",2390347,"pi","highanchor",25000
"3310",2390360,"pi","highanchor",27000
"3311",2390374,"pi","lowanchor",5000
"3312",2390427,"pi","lowanchor",19000
"3313",2390445,"pi","highanchor",42554
"3314",2390466,"pi","lowanchor",10000
"3315",2390484,"pi","lowanchor",6000
"3316",2390499,"pi","lowanchor",15000
"3318",2390549,"pi","lowanchor",6000
"3319",2390552,"pi","highanchor",29000
"3320",2390576,"pi","highanchor",39000
"3321",2390588,"pi","highanchor",42000
"3322",2390617,"pi","lowanchor",7000
"3323",2390630,"pi","lowanchor",5000
"3324",2390643,"pi","lowanchor",16000
"3325",2390740,"pi","lowanchor",29029
"3326",2390954,"pi","lowanchor",15000
"3327",2390960,"pi","lowanchor",26000
"3328",2390978,"pi","lowanchor",25000
"3329",2391000,"pi","lowanchor",2300
"3330",2391007,"pi","lowanchor",2001
"3331",2391027,"pi","highanchor",43000
"3332",2391055,"pi","lowanchor",5000
"3333",2391119,"pi","highanchor",29028
"3334",2391144,"pi","lowanchor",4200
"3335",2391155,"pi","highanchor",27028
"3336",2391173,"pi","highanchor",27000
"3337",2391185,"pi","lowanchor",18000
"3338",2391205,"pi","lowanchor",6000
"3339",2391275,"pi","highanchor",43000
"3340",2391280,"pi","highanchor",21000
"3341",2391288,"pi","lowanchor",10000
"3342",2391292,"pi","lowanchor",29000
"3343",2391313,"pi","highanchor",2432
"3344",2391319,"pi","highanchor",43000
"3345",2391332,"pi","lowanchor",4000
"3346",2391334,"pi","highanchor",27000
"3347",2391347,"pi","lowanchor",17000
"3348",2391354,"pi","lowanchor",10120
"3349",2391368,"pi","highanchor",39000
"3350",2391387,"pi","highanchor",45000
"3351",2391426,"pi","lowanchor",14000
"3352",2391491,"pi","lowanchor",3000
"3353",2391535,"pi","lowanchor",15000
"3354",2391568,"pi","lowanchor",5400
"3355",2391571,"pi","lowanchor",12000
"3356",2391627,"pi","lowanchor",11200
"3357",2391676,"pi","lowanchor",15000
"3358",2391757,"pi","highanchor",42390
"3359",2392000,"pi","highanchor",31000
"3360",2392042,"pi","lowanchor",30000
"3361",2392070,"pi","lowanchor",2500
"3362",2392160,"pi","highanchor",30000
"3363",2392184,"pi","lowanchor",4560
"3364",2392190,"pi","lowanchor",29000
"3365",2392208,"pi","lowanchor",20000
"3366",2392246,"pi","lowanchor",7000
"3367",2392297,"pi","highanchor",29000
"3368",2392376,"pi","lowanchor",26000
"3369",2392378,"pi","highanchor",45000
"3370",2392418,"pi","lowanchor",5000
"3371",2392435,"pi","highanchor",16000
"3372",2392458,"pi","lowanchor",16000
"3373",2392471,"pi","highanchor",35000
"3375",2392578,"pi","lowanchor",18000
"3376",2392583,"pi","highanchor",45000
"3377",2392590,"pi","lowanchor",10000
"3378",2392591,"pi","highanchor",36000
"3379",2392594,"pi","lowanchor",2500
"3380",2392597,"pi","lowanchor",2180
"3381",2392605,"pi","highanchor",40000
"3382",2392657,"pi","lowanchor",25000
"3383",2392683,"pi","highanchor",28000
"3384",2392693,"pi","highanchor",45490
"3385",2392696,"pi","lowanchor",2100
"3386",2392713,"pi","lowanchor",11000
"3387",2392729,"pi","lowanchor",19000
"3388",2392753,"pi","lowanchor",2162
"3389",2392782,"pi","lowanchor",3500
"3390",2392789,"pi","lowanchor",29000
"3391",2392794,"pi","highanchor",19000
"3392",2392800,"pi","highanchor",40000
"3393",2392813,"pi","highanchor",45250
"3394",2392836,"pi","highanchor",45000
"3395",2392860,"pi","lowanchor",24500
"3396",2392903,"pi","highanchor",10000
"3397",2393051,"pi","lowanchor",40000
"3399",2393113,"pi","lowanchor",12000
"3400",2393150,"pi","highanchor",38000
"3401",2393152,"pi","highanchor",42000
"3402",2393160,"pi","lowanchor",16000
"3403",2393189,"pi","lowanchor",12000
"3404",2393217,"pi","lowanchor",20000
"3405",2393284,"pi","highanchor",45499
"3406",2393297,"pi","highanchor",35000
"3407",2393305,"pi","highanchor",15000
"3410",2393399,"pi","highanchor",30000
"3411",2393410,"pi","highanchor",45000
"3412",2393417,"pi","lowanchor",26000
"3413",2393418,"pi","highanchor",40000
"3414",2393427,"pi","lowanchor",25000
"3415",2393433,"pi","highanchor",29000
"3416",2393474,"pi","lowanchor",4000
"3417",2393481,"pi","highanchor",45000
"3418",2393502,"pi","lowanchor",25000
"3419",2393521,"pi","highanchor",28000
"3420",2393528,"pi","highanchor",10000
"3421",2393534,"pi","highanchor",45000
"3422",2393558,"pi","highanchor",40000
"3423",2393568,"pi","lowanchor",12000
"3424",2393600,"pi","highanchor",25000
"3425",2393604,"pi","highanchor",20000
"3426",2393628,"pi","highanchor",26000
"3427",2393643,"pi","highanchor",45000
"3428",2393682,"pi","lowanchor",7000
"3429",2393703,"pi","lowanchor",7000
"3430",2393714,"pi","highanchor",25000
"3431",2393725,"pi","highanchor",30000
"3432",2393736,"pi","lowanchor",2200
"3433",2393739,"pi","highanchor",37776
"3434",2393740,"pi","lowanchor",4500
"3435",2393745,"pi","lowanchor",26868
"3436",2393756,"pi","lowanchor",16000
"3437",2393781,"pi","highanchor",40000
"3438",2393790,"pi","highanchor",30000
"3440",2393796,"pi","highanchor",25654
"3441",2393866,"pi","lowanchor",16000
"3442",2393879,"pi","highanchor",40000
"3443",2393903,"pi","highanchor",29000
"3444",2393910,"pi","highanchor",3000
"3445",2393925,"pi","lowanchor",25000
"3446",2393936,"pi","highanchor",43900
"3448",2393981,"pi","lowanchor",30000
"3449",2394235,"pi","highanchor",30000
"3450",2394746,"pi","lowanchor",20000
"3451",2394818,"pi","lowanchor",2200
"3452",2394832,"pi","highanchor",34000
"3453",2394911,"pi","lowanchor",8500
"3454",2395016,"pi","highanchor",35000
"3455",2395063,"pi","highanchor",42500
"3456",2395073,"pi","highanchor",32000
"3457",2395179,"pi","lowanchor",5000
"3458",2395198,"pi","highanchor",20300
"3459",2395257,"pi","lowanchor",10000
"3460",2395262,"pi","highanchor",40000
"3461",2395348,"pi","highanchor",34000
"3462",2395481,"pi","lowanchor",15000
"3463",2395514,"pi","lowanchor",25000
"3464",2395593,"pi","lowanchor",2200
"3465",2395786,"pi","highanchor",30000
"3466",2395822,"pi","lowanchor",2300
"3467",2395860,"pi","lowanchor",29652
"3468",2395902,"pi","lowanchor",40000
"3469",2395903,"pi","lowanchor",2500
"3470",2395970,"pi","lowanchor",29000
"3471",2395971,"pi","highanchor",40000
"3472",2395980,"pi","highanchor",40000
"3473",2396008,"pi","highanchor",28000
"3474",2396042,"pi","lowanchor",8800
"3475",2396043,"pi","highanchor",35000
"3476",2396431,"pi","lowanchor",2750
"3477",2396434,"pi","lowanchor",16000
"3478",2396482,"pi","lowanchor",30000
"3479",2396511,"pi","lowanchor",3500
"3480",2396517,"pi","lowanchor",18000
"3481",2396527,"pi","lowanchor",39000
"3482",2396529,"pi","lowanchor",5000
"3484",2396560,"pi","lowanchor",7800
"3485",2396564,"pi","lowanchor",14000
"3486",2396610,"pi","highanchor",45496
"3487",2396634,"pi","highanchor",35000
"3488",2396639,"pi","lowanchor",12000
"3489",2396672,"pi","lowanchor",6000
"3490",2396677,"pi","lowanchor",4200
"3492",2396769,"pi","highanchor",30000
"3493",2396797,"pi","lowanchor",30000
"3494",2396798,"pi","lowanchor",33000
"3495",2396818,"pi","lowanchor",24000
"3497",2396884,"pi","highanchor",20000
"3498",2396908,"pi","lowanchor",10000
"3499",2396954,"pi","highanchor",7000
"3500",2396957,"pi","highanchor",20000
"3501",2396966,"pi","highanchor",40000
"3502",2396976,"pi","lowanchor",20000
"3503",2397019,"pi","highanchor",45499
"3504",2397069,"pi","lowanchor",40000
"3505",2397076,"pi","highanchor",30000
"3506",2397127,"pi","highanchor",30000
"3507",2397159,"pi","highanchor",43000
"3508",2397253,"pi","lowanchor",15000
"3510",2397291,"pi","highanchor",42000
"3511",2397324,"pi","highanchor",29300
"3512",2397361,"pi","lowanchor",26000
"3514",2397395,"pi","highanchor",33000
"3515",2397461,"pi","lowanchor",20000
"3516",2397484,"pi","highanchor",31000
"3517",2397500,"pi","highanchor",27000
"3518",2397529,"pi","highanchor",43000
"3519",2397570,"pi","lowanchor",4750
"3521",2397604,"pi","highanchor",25000
"3522",2397634,"pi","highanchor",40000
"3523",2397679,"pi","lowanchor",14000
"3524",2397944,"pi","lowanchor",29000
"3525",2397953,"pi","lowanchor",34000
"3526",2397968,"pi","highanchor",36500
"3527",2397975,"pi","highanchor",25000
"3528",2397997,"pi","lowanchor",14800
"3529",2398016,"pi","lowanchor",6000
"3530",2398060,"pi","highanchor",45450
"3531",2398068,"pi","highanchor",30000
"3532",2398074,"pi","highanchor",44000
"3533",2398121,"pi","highanchor",30000
"3534",2398147,"pi","highanchor",42000
"3535",2398166,"pi","lowanchor",5000
"3536",2398233,"pi","lowanchor",5000
"3537",2398234,"pi","highanchor",33500
"3538",2398267,"pi","highanchor",45000
"3539",2398283,"pi","lowanchor",25000
"3540",2398354,"pi","lowanchor",29029
"3541",2398385,"pi","lowanchor",36000
"3542",2398421,"pi","lowanchor",25000
"3543",2398453,"pi","lowanchor",5200
"3544",2398460,"pi","highanchor",5500
"3545",2398553,"pi","highanchor",40000
"3546",2398561,"pi","lowanchor",9000
"3547",2398686,"pi","lowanchor",3000
"3549",2398708,"pi","lowanchor",17000
"3550",2398769,"pi","highanchor",29028
"3551",2398790,"pi","lowanchor",27000
"3552",2398805,"pi","lowanchor",20000
"3553",2398811,"pi","lowanchor",6000
"3554",2398829,"pi","highanchor",43200
"3555",2398834,"pi","lowanchor",8000
"3556",2398843,"pi","highanchor",42000
"3557",2398855,"pi","highanchor",40500
"3558",2398873,"pi","highanchor",35000
"3559",2398874,"pi","lowanchor",22000
"3560",2398926,"pi","lowanchor",5000
"3561",2398947,"pi","lowanchor",3600
"3562",2398965,"pi","lowanchor",11000
"3564",2399013,"pi","highanchor",35000
"3566",2399039,"pi","highanchor",37000
"3567",2399047,"pi","lowanchor",24000
"3568",2399065,"pi","lowanchor",28000
"3569",2399106,"pi","highanchor",40000
"3570",2399118,"pi","lowanchor",30000
"3571",2399159,"pi","lowanchor",10000
"3572",2399182,"pi","highanchor",20000
"3573",2399218,"pi","highanchor",38000
"3575",2399249,"pi","highanchor",30000
"3576",2399250,"pi","lowanchor",32000
"3577",2399263,"pi","lowanchor",30000
"3579",2399301,"pi","highanchor",35000
"3580",2399349,"pi","lowanchor",29000
"3581",2399356,"pi","lowanchor",5000
"3582",2399419,"pi","lowanchor",3500
"3584",2399536,"pi","highanchor",45000
"3585",2399568,"pi","lowanchor",30000
"3586",2399609,"pi","highanchor",43000
"3587",2399653,"pi","highanchor",45432
"3588",2399655,"pi","highanchor",24000
"3589",2399668,"pi","highanchor",27000
"3590",2399685,"pi","highanchor",35000
"3592",2399712,"pi","lowanchor",24000
"3593",2399727,"pi","lowanchor",4000
"3594",2399740,"pi","highanchor",40000
"3595",2399785,"pi","lowanchor",2785
"3596",2399821,"pi","lowanchor",5000
"3597",2399827,"pi","highanchor",29000
"3598",2399828,"pi","lowanchor",8000
"3599",2399835,"pi","highanchor",42000
"3600",2399860,"pi","highanchor",45000
"3601",2399871,"pi","lowanchor",24000
"3603",2399923,"pi","highanchor",30000
"3604",2399951,"pi","highanchor",44870
"3605",2399984,"pi","highanchor",28000
"3606",2400016,"pi","lowanchor",2200
"3607",2400019,"pi","lowanchor",13000
"3608",2400021,"pi","lowanchor",29000
"3609",2400022,"pi","highanchor",41000
"3610",2400055,"pi","lowanchor",35000
"3611",2400074,"pi","lowanchor",30000
"3612",2400140,"pi","lowanchor",10000
"3613",2400200,"pi","highanchor",45000
"3614",2400206,"pi","lowanchor",3500
"3615",2400247,"pi","lowanchor",4000
"3616",2400248,"pi","highanchor",39000
"3617",2400263,"pi","highanchor",32000
"3618",2400270,"pi","highanchor",30000
"3619",2400294,"pi","lowanchor",4000
"3620",2400326,"pi","lowanchor",2200
"3621",2400350,"pi","lowanchor",21000
"3622",2400355,"pi","highanchor",30000
"3623",2400356,"pi","lowanchor",28700
"3624",2400408,"pi","lowanchor",4000
"3625",2400465,"pi","highanchor",37000
"3626",2400478,"pi","highanchor",29028
"3627",2400485,"pi","highanchor",28000
"3628",2400497,"pi","highanchor",25000
"3629",2400501,"pi","lowanchor",2001
"3630",2400502,"pi","highanchor",43250
"3631",2400503,"pi","lowanchor",5000
"3632",2400505,"pi","highanchor",45000
"3633",2400586,"pi","highanchor",35000
"3634",2400649,"pi","lowanchor",3100
"3635",2400710,"pi","highanchor",38000
"3636",2400724,"pi","lowanchor",32000
"3637",2400737,"pi","lowanchor",8000
"3638",2400745,"pi","lowanchor",29035
"3639",2400785,"pi","highanchor",37250
"3640",2400995,"pi","highanchor",36700
"3641",2401006,"pi","highanchor",37000
"3642",2401016,"pi","lowanchor",2700
"3643",2401034,"pi","highanchor",34000
"3644",2401115,"pi","highanchor",40000
"3645",2401151,"pi","highanchor",45000
"3646",2401158,"pi","highanchor",28000
"3648",2401530,"pi","highanchor",39000
"3649",2401532,"pi","highanchor",45000
"3650",2401600,"pi","highanchor",42000
"3652",2401645,"pi","highanchor",18000
"3653",2401689,"pi","lowanchor",14000
"3655",2401749,"pi","lowanchor",23000
"3657",2401785,"pi","highanchor",40000
"3658",2401878,"pi","lowanchor",2357
"3661",2402141,"pi","highanchor",37000
"3663",2402336,"pi","highanchor",42000
"3664",2402349,"pi","highanchor",44000
"3665",2402440,"pi","lowanchor",3000
"3666",2402586,"pi","lowanchor",5860
"3667",2402601,"pi","lowanchor",2300
"3668",2402611,"pi","lowanchor",24000
"3669",2402620,"pi","lowanchor",29028
"3670",2402621,"pi","lowanchor",5800
"3671",2402718,"pi","highanchor",20000
"3672",2403056,"pi","lowanchor",12000
"3673",2403062,"pi","highanchor",38000
"3674",2403084,"pi","lowanchor",35000
"3675",2403126,"pi","lowanchor",29500
"3677",2403156,"pi","highanchor",42000
"3678",2403165,"pi","highanchor",40000
"3680",2403248,"pi","lowanchor",23000
"3681",2403301,"pi","lowanchor",2750
"3684",2403399,"pi","lowanchor",5000
"3685",2403401,"pi","highanchor",42000
"3686",2403406,"pi","highanchor",38000
"3689",2403454,"pi","highanchor",32000
"3690",2403458,"pi","highanchor",43000
"3691",2403459,"pi","highanchor",10000
"3692",2403464,"pi","lowanchor",10000
"3693",2403507,"pi","highanchor",40000
"3694",2403586,"pi","highanchor",30000
"3695",2403664,"pi","highanchor",20000
"3696",2403699,"pi","highanchor",3000
"3697",2403726,"pi","lowanchor",29000
"3698",2403740,"pi","lowanchor",6000
"3699",2403828,"pi","lowanchor",12000
"3700",2403831,"pi","highanchor",40000
"3701",2403839,"pi","lowanchor",4000
"3702",2403880,"pi","lowanchor",11000
"3703",2403947,"pi","highanchor",35000
"3704",2403991,"pi","highanchor",40000
"3705",2403998,"pi","highanchor",45000
"3706",2404049,"pi","lowanchor",20000
"3707",2404100,"pi","highanchor",27000
"3708",2404207,"pi","lowanchor",2500
"3710",2404254,"pi","lowanchor",18000
"3711",2404265,"pi","highanchor",29000
"3712",2404291,"pi","lowanchor",18000
"3713",2404334,"pi","lowanchor",15000
"3714",2404371,"pi","lowanchor",29000
"3715",2404373,"pi","lowanchor",20000
"3716",2404413,"pi","highanchor",35000
"3717",2404444,"pi","lowanchor",5000
"3718",2404445,"pi","highanchor",32000
"3719",2404489,"pi","highanchor",25000
"3720",2404555,"pi","lowanchor",15000
"3721",2404602,"pi","highanchor",29000
"3722",2404632,"pi","lowanchor",16000
"3723",2404638,"pi","highanchor",14530
"3724",2404728,"pi","highanchor",28000
"3725",2404918,"pi","lowanchor",28000
"3726",2404937,"pi","highanchor",40000
"3727",2405077,"pi","lowanchor",5000
"3728",2405130,"pi","highanchor",28000
"3729",2405138,"pi","lowanchor",4000
"3730",2405153,"pi","lowanchor",10000
"3731",2405170,"pi","highanchor",37000
"3732",2405242,"pi","lowanchor",4000
"3733",2405309,"pi","lowanchor",20000
"3734",2405338,"pi","highanchor",44000
"3735",2405358,"pi","lowanchor",10000
"3736",2405415,"pi","highanchor",40000
"3738",2405447,"pi","lowanchor",2323
"3739",2405462,"pi","lowanchor",14000
"3740",2405537,"pi","highanchor",32000
"3741",2405553,"pi","highanchor",32000
"3742",2405607,"pi","lowanchor",15000
"3743",2405673,"pi","highanchor",26000
"3744",2405735,"pi","lowanchor",35000
"3745",2405770,"pi","highanchor",30000
"3746",2405788,"pi","lowanchor",30000
"3747",2405804,"pi","highanchor",45000
"3748",2405829,"pi","lowanchor",2600
"3749",2405836,"pi","highanchor",38000
"3750",2405853,"pi","highanchor",15000
"3751",2405892,"pi","highanchor",45458
"3752",2405925,"pi","highanchor",44000
"3753",2405953,"pi","lowanchor",2500
"3755",2406022,"pi","lowanchor",2500
"3757",2406127,"pi","lowanchor",20000
"3758",2406162,"pi","lowanchor",3400
"3759",2406177,"pi","lowanchor",6000
"3760",2406200,"pi","lowanchor",3000
"3761",2406237,"pi","lowanchor",10000
"3762",2406240,"pi","highanchor",19000
"3764",2406286,"pi","lowanchor",3000
"3766",2406400,"pi","lowanchor",4500
"3767",2406409,"pi","highanchor",43900
"3769",2406421,"pi","lowanchor",29500
"3770",2406486,"pi","highanchor",30000
"3771",2406572,"pi","lowanchor",16000
"3772",2406581,"pi","highanchor",42500
"3773",2406653,"pi","lowanchor",2100
"3774",2406677,"pi","highanchor",38000
"3776",2406735,"pi","highanchor",42500
"3778",2406811,"pi","lowanchor",29800
"3779",2406816,"pi","highanchor",38000
"3780",2406832,"pi","highanchor",39800
"3781",2406892,"pi","lowanchor",2500
"3782",2406929,"pi","highanchor",10000
"3783",2406974,"pi","highanchor",37000
"3784",2407024,"pi","lowanchor",10000
"3786",2407195,"pi","highanchor",35000
"3787",2407380,"pi","highanchor",25000
"3789",2407531,"pi","lowanchor",12000
"3790",2407726,"pi","lowanchor",29000
"3792",2407766,"pi","highanchor",42200
"3793",2407814,"pi","lowanchor",2100
"3794",2407821,"pi","lowanchor",29000
"3795",2407831,"pi","lowanchor",13000
"3796",2407854,"pi","lowanchor",28000
"3797",2407877,"pi","highanchor",45495
"3798",2407899,"pi","lowanchor",25000
"3799",2408021,"pi","highanchor",44475
"3800",2408060,"pi","highanchor",40000
"3801",2408080,"pi","lowanchor",10000
"3802",2408091,"pi","lowanchor",2700
"3803",2408112,"pi","lowanchor",29028
"3804",2408116,"pi","lowanchor",25000
"3805",2408135,"pi","highanchor",43000
"3806",2408140,"pi","highanchor",36000
"3808",2408196,"pi","highanchor",29029
"3809",2408207,"pi","highanchor",44000
"3810",2408212,"pi","lowanchor",10000
"3811",2408214,"pi","highanchor",45000
"3812",2408224,"pi","highanchor",30000
"3813",2408229,"pi","highanchor",36800
"3814",2408236,"pi","highanchor",35000
"3816",2408391,"pi","highanchor",45000
"3817",2408464,"pi","highanchor",44000
"3818",2408510,"pi","highanchor",30000
"3819",2408548,"pi","lowanchor",24000
"3820",2408556,"pi","highanchor",45000
"3821",2408578,"pi","lowanchor",18000
"3822",2408588,"pi","highanchor",45000
"3823",2408592,"pi","lowanchor",5000
"3824",2408923,"pi","highanchor",10500
"3825",2409097,"pi","lowanchor",5000
"3826",2409152,"pi","highanchor",30000
"3827",2409168,"pi","highanchor",25000
"3828",2409273,"pi","highanchor",45000
"3829",2409296,"pi","highanchor",45400
"3830",2409306,"pi","highanchor",31625
"3832",2409476,"pi","lowanchor",29000
"3834",2409761,"pi","lowanchor",28000
"3835",2409771,"pi","highanchor",35000
"3836",2409782,"pi","lowanchor",2050
"3837",2409795,"pi","lowanchor",29000
"3838",2409805,"pi","highanchor",40000
"3839",2409842,"pi","lowanchor",29000
"3840",2409911,"pi","lowanchor",6000
"3841",2409937,"pi","lowanchor",10000
"3842",2409966,"pi","lowanchor",3000
"3843",2409973,"pi","highanchor",29500
"3844",2410043,"pi","highanchor",38000
"3846",2410166,"pi","lowanchor",5000
"3847",2410176,"pi","highanchor",40000
"3848",2410196,"pi","highanchor",30000
"3849",2410246,"pi","lowanchor",6500
"3850",2410251,"pi","highanchor",45395
"3851",2410254,"pi","lowanchor",5280
"3854",2410380,"pi","lowanchor",25000
"3855",2410434,"pi","highanchor",42236
"3856",2410450,"pi","highanchor",29250
"3857",2410462,"pi","highanchor",30000
"3858",2410502,"pi","lowanchor",4000
"3859",2410511,"pi","highanchor",29000
"3860",2410568,"pi","highanchor",12000
"3861",2411045,"pi","lowanchor",24000
"3862",2411064,"pi","lowanchor",2633
"3863",2411096,"pi","highanchor",25000
"3864",2411099,"pi","highanchor",30000
"3865",2411380,"pi","highanchor",25000
"3866",2411510,"pi","highanchor",30000
"3867",2411514,"pi","highanchor",35000
"3868",2411579,"pi","highanchor",29000
"3869",2411704,"pi","highanchor",29620
"3870",2411763,"pi","lowanchor",18000
"3871",2411810,"pi","lowanchor",3000
"3872",2412065,"pi","lowanchor",27000
"3873",2412163,"pi","lowanchor",3000
"3874",2412168,"pi","lowanchor",5000
"3875",2412245,"pi","lowanchor",6000
"3876",2412410,"pi","lowanchor",16000
"3877",2412543,"pi","highanchor",25000
"3878",2412632,"pi","lowanchor",5000
"3879",2412657,"pi","lowanchor",10000
"3881",2412711,"pi","highanchor",45000
"3883",2412731,"pi","lowanchor",40000
"3884",2413007,"pi","highanchor",42789
"3885",2413068,"pi","highanchor",27000
"3886",2413170,"pi","lowanchor",3600
"3887",2413268,"pi","lowanchor",7000
"3888",2413293,"pi","lowanchor",2500
"3889",2413439,"pi","highanchor",40000
"3890",2413555,"pi","highanchor",35000
"3891",2413559,"pi","lowanchor",24000
"3892",2413584,"pi","highanchor",12000
"3893",2413630,"pi","highanchor",43000
"3894",2413654,"pi","lowanchor",12000
"3895",2413694,"pi","lowanchor",30000
"3896",2413786,"pi","lowanchor",29000
"3897",2413823,"pi","highanchor",40000
"3898",2413862,"pi","highanchor",44000
"3899",2413882,"pi","highanchor",32376
"3900",2413922,"pi","lowanchor",14000
"3901",2413954,"pi","lowanchor",2500
"3902",2413995,"pi","lowanchor",2194
"3903",2414003,"pi","highanchor",42365
"3904",2414012,"pi","highanchor",44462
"3905",2414019,"pi","highanchor",30000
"3906",2414023,"pi","lowanchor",18000
"3907",2414049,"pi","highanchor",42000
"3908",2414078,"pi","lowanchor",2500
"3909",2414122,"pi","highanchor",17000
"3910",2414129,"pi","highanchor",15000
"3911",2414131,"pi","lowanchor",3500
"3912",2414137,"pi","lowanchor",8000
"3913",2414152,"pi","lowanchor",7500
"3914",2414181,"pi","highanchor",43500
"3915",2414193,"pi","highanchor",8000
"3916",2414226,"pi","lowanchor",3000
"3917",2414346,"pi","lowanchor",35000
"3920",2415329,"pi","lowanchor",29000
"3921",2415382,"pi","lowanchor",29000
"3922",2415405,"pi","highanchor",10000
"3924",2415511,"pi","highanchor",40000
"3925",2415621,"pi","highanchor",27000
"3926",2415624,"pi","lowanchor",3000
"3927",2415723,"pi","lowanchor",3500
"3928",2415809,"pi","lowanchor",25000
"3929",2415888,"pi","highanchor",30000
"3930",2415917,"pi","highanchor",40000
"3931",2415978,"pi","highanchor",42000
"3933",2416025,"pi","lowanchor",3800
"3934",2416047,"pi","highanchor",44300
"3935",2416116,"pi","highanchor",40000
"3936",2416162,"pi","highanchor",29000
"3937",2416276,"pi","highanchor",40000
"3938",2416339,"pi","lowanchor",5000
"3939",2416347,"pi","highanchor",38500
"3940",2416420,"pi","lowanchor",4000
"3941",2416465,"pi","lowanchor",6000
"3942",2416505,"pi","highanchor",43556
"3943",2416604,"pi","lowanchor",29000
"3944",2416640,"pi","highanchor",35000
"3945",2416657,"pi","lowanchor",20000
"3946",2416692,"pi","lowanchor",4000
"3947",2416755,"pi","highanchor",45250
"3948",2416798,"pi","lowanchor",2340
"3949",2416881,"pi","lowanchor",7000
"3951",2416902,"pi","highanchor",45000
"3952",2416944,"pi","lowanchor",5000
"3953",2416976,"pi","highanchor",45000
"3954",2417014,"pi","highanchor",27000
"3955",2417051,"pi","highanchor",45000
"3956",2417207,"pi","lowanchor",5000
"3957",2417323,"pi","highanchor",40000
"3958",2417488,"pi","highanchor",43000
"3959",2417490,"pi","highanchor",35500
"3960",2417494,"pi","highanchor",39000
"3961",2417613,"pi","lowanchor",10000
"3962",2417746,"pi","highanchor",35000
"3963",2417791,"pi","highanchor",42500
"3965",2417845,"pi","highanchor",28000
"3966",2417995,"pi","highanchor",42000
"3967",2417999,"pi","lowanchor",2400
"3968",2418102,"pi","highanchor",30000
"3969",2418262,"pi","lowanchor",8855
"3970",2418517,"pi","highanchor",40000
"3971",2418523,"pi","highanchor",30000
"3972",2418660,"pi","lowanchor",3300
"3973",2418761,"pi","highanchor",20000
"3974",2418930,"pi","lowanchor",4250
"3975",2419027,"pi","lowanchor",29000
"3976",2419089,"pi","highanchor",38000
"3979",2419220,"pi","lowanchor",29000
"3980",2419372,"pi","lowanchor",2685
"3982",2419374,"pi","lowanchor",25000
"3983",2419386,"pi","lowanchor",2800
"3984",2419393,"pi","highanchor",10000
"3985",2419719,"pi","lowanchor",15000
"3986",2419726,"pi","lowanchor",12000
"3987",2419786,"pi","lowanchor",18000
"3988",2419988,"pi","lowanchor",32000
"3989",2420002,"pi","highanchor",38000
"3990",2420080,"pi","lowanchor",18000
"3991",2420092,"pi","lowanchor",29000
"3992",2420145,"pi","highanchor",45499
"3993",2420166,"pi","highanchor",20000
"3994",2420214,"pi","lowanchor",2130
"3995",2420312,"pi","lowanchor",3800
"3996",2420429,"pi","highanchor",34800
"3997",2420431,"pi","lowanchor",10000
"3998",2420560,"pi","lowanchor",3500
"3999",2420585,"pi","lowanchor",15000
"4000",2420648,"pi","lowanchor",2500
"4001",2420677,"pi","lowanchor",3000
"4002",2420689,"pi","lowanchor",2500
"4005",2420890,"pi","highanchor",41000
"4006",2420920,"pi","lowanchor",28000
"4008",2421226,"pi","highanchor",32000
"4009",2421228,"pi","lowanchor",2500
"4010",2421257,"pi","lowanchor",29000
"4011",2421279,"pi","highanchor",3600
"4012",2421483,"pi","lowanchor",30000
"4014",2421540,"pi","lowanchor",4000
"4015",2421608,"pi","lowanchor",5000
"4016",2421609,"pi","lowanchor",3471
"4017",2421624,"pi","highanchor",29000
"4018",2421642,"pi","highanchor",25000
"4019",2421657,"pi","lowanchor",12000
"4020",2421977,"pi","highanchor",29028
"4021",2421992,"pi","highanchor",45000
"4022",2422006,"pi","highanchor",32000
"4023",2422139,"pi","lowanchor",29000
"4024",2422250,"pi","highanchor",20000
"4025",2422380,"pi","lowanchor",11000
"4026",2422644,"pi","lowanchor",15000
"4027",2422683,"pi","highanchor",40000
"4028",2422696,"pi","highanchor",43000
"4029",2422710,"pi","lowanchor",10000
"4030",2422724,"pi","lowanchor",2500
"4032",2422856,"pi","lowanchor",7000
"4033",2422941,"pi","lowanchor",10000
"4034",2422995,"pi","lowanchor",24000
"4035",2423088,"pi","lowanchor",8000
"4036",2423243,"pi","highanchor",40000
"4037",2423322,"pi","highanchor",33000
"4038",2423325,"pi","highanchor",25000
"4039",2423491,"pi","lowanchor",25000
"4040",2423497,"pi","highanchor",43500
"4042",2423716,"pi","highanchor",29500
"4043",2423856,"pi","lowanchor",16500
"4044",2423963,"pi","lowanchor",13000
"4045",2424012,"pi","highanchor",23000
"4046",2424068,"pi","highanchor",42000
"4048",2424209,"pi","lowanchor",5000
"4049",2424284,"pi","lowanchor",23179
"4050",2424368,"pi","highanchor",44600
"4051",2424391,"pi","lowanchor",3000
"4052",2424465,"pi","highanchor",25000
"4053",2424564,"pi","lowanchor",29000
"4054",2424636,"pi","lowanchor",2563
"4055",2425027,"pi","highanchor",30000
"4056",2425045,"pi","lowanchor",3500
"4057",2425262,"pi","lowanchor",10000
"4058",2425466,"pi","lowanchor",20000
"4059",2425486,"pi","highanchor",45400
"4060",2425494,"pi","highanchor",40000
"4061",2425548,"pi","lowanchor",2580
"4062",2425557,"pi","highanchor",35000
"4063",2425590,"pi","lowanchor",25000
"4064",2425607,"pi","highanchor",45000
"4065",2425652,"pi","highanchor",32000
"4066",2425798,"pi","lowanchor",34000
"4067",2425814,"pi","highanchor",30000
"4068",2425843,"pi","highanchor",20000
"4069",2425900,"pi","highanchor",20000
"4070",2425997,"pi","highanchor",44265
"4071",2426023,"pi","lowanchor",2500
"4072",2426073,"pi","highanchor",43000
"4073",2426074,"pi","lowanchor",2100
"4075",2426197,"pi","highanchor",37000
"4076",2426270,"pi","lowanchor",4000
"4077",2426367,"pi","highanchor",39996
"4078",2426444,"pi","highanchor",10000
"4079",2426519,"pi","lowanchor",8000
"4080",2426606,"pi","highanchor",4200
"4081",2426657,"pi","lowanchor",2500
"4082",2426784,"pi","lowanchor",5000
"4083",2427000,"pi","lowanchor",2500
"4084",2427176,"pi","highanchor",40000
"4085",2427330,"pi","highanchor",42000
"4086",2427342,"pi","lowanchor",5000
"4087",2427402,"pi","highanchor",45499
"4088",2427424,"pi","lowanchor",2500
"4089",2427467,"pi","highanchor",25500
"4090",2427544,"pi","highanchor",40000
"4091",2427557,"pi","highanchor",43213
"4093",2427632,"pi","highanchor",40000
"4094",2427790,"pi","highanchor",30000
"4095",2427831,"pi","lowanchor",10000
"4096",2427853,"pi","lowanchor",40000
"4097",2427954,"pi","highanchor",36523
"4098",2427958,"pi","highanchor",30000
"4099",2427974,"pi","highanchor",43200
"4100",2427997,"pi","lowanchor",4000
"4102",2428120,"pi","lowanchor",5000
"4103",2428131,"pi","lowanchor",5000
"4104",2428538,"pi","highanchor",45000
"4105",2428577,"pi","highanchor",30000
"4106",2428583,"pi","highanchor",21000
"4107",2428720,"pi","highanchor",35000
"4108",2428731,"pi","lowanchor",4000
"4109",2428812,"pi","highanchor",42000
"4110",2428886,"pi","highanchor",45000
"4111",2428891,"pi","lowanchor",12000
"4112",2428951,"pi","lowanchor",4000
"4113",2428972,"pi","lowanchor",29000
"4114",2429013,"pi","lowanchor",2018
"4115",2429032,"pi","highanchor",35000
"4116",2429065,"pi","highanchor",5000
"4117",2429083,"pi","lowanchor",5000
"4118",2429090,"pi","lowanchor",5000
"4119",2429209,"pi","highanchor",40000
"4121",2429292,"pi","highanchor",43500
"4122",2429294,"pi","highanchor",40000
"4123",2429299,"pi","highanchor",30000
"4124",2429392,"pi","highanchor",30000
"4125",2429425,"pi","highanchor",38000
"4126",2429510,"pi","highanchor",20000
"4127",2429651,"pi","highanchor",38000
"4128",2429654,"pi","lowanchor",5000
"4129",2429672,"pi","highanchor",29000
"4130",2429676,"pi","highanchor",32899
"4131",2429711,"pi","highanchor",30000
"4133",2429840,"pi","highanchor",40000
"4134",2429928,"pi","highanchor",45499
"4135",2429946,"pi","lowanchor",2150
"4136",2430027,"pi","highanchor",36000
"4140",2430236,"pi","lowanchor",29029
"4141",2430272,"pi","lowanchor",27000
"4142",2430448,"pi","highanchor",29000
"4143",2430494,"pi","highanchor",40000
"4144",2430496,"pi","highanchor",40000
"4145",2430507,"pi","lowanchor",10000
"4146",2430512,"pi","highanchor",45000
"4147",2430681,"pi","highanchor",45000
"4148",2430697,"pi","highanchor",30000
"4149",2430761,"pi","highanchor",45499
"4150",2430856,"pi","highanchor",25000
"4151",2430941,"pi","lowanchor",29120
"4152",2431159,"pi","highanchor",45000
"4153",2431205,"pi","lowanchor",2500
"4154",2431235,"pi","lowanchor",3600
"4156",2431411,"pi","highanchor",44500
"4157",2431453,"pi","lowanchor",22000
"4158",2431493,"pi","highanchor",14500
"4159",2431555,"pi","lowanchor",40000
"4160",2431568,"pi","lowanchor",21000
"4161",2431663,"pi","lowanchor",10000
"4162",2431760,"pi","lowanchor",12000
"4163",2431881,"pi","highanchor",42756
"4164",2431975,"pi","lowanchor",28000
"4165",2432033,"pi","lowanchor",18000
"4166",2432209,"pi","lowanchor",20000
"4167",2432233,"pi","highanchor",29000
"4169",2432315,"pi","highanchor",20000
"4170",2432343,"pi","highanchor",20000
"4171",2432404,"pi","lowanchor",5000
"4172",2432414,"pi","lowanchor",12000
"4174",2432600,"pi","lowanchor",3200
"4175",2432719,"pi","highanchor",44625
"4176",2432736,"pi","highanchor",28235
"4177",2432749,"pi","highanchor",28000
"4178",2432835,"pi","highanchor",28000
"4179",2432871,"pi","lowanchor",20000
"4180",2432885,"pi","lowanchor",5800
"4181",2432954,"pi","lowanchor",10000
"4182",2432959,"pi","lowanchor",4000
"4183",2432964,"pi","lowanchor",3500
"4184",2432970,"pi","lowanchor",2800
"4185",2432977,"pi","highanchor",42361
"4186",2432987,"pi","highanchor",40000
"4187",2432997,"pi","highanchor",39960
"4188",2433027,"pi","lowanchor",5000
"4189",2433104,"pi","lowanchor",3500
"4190",2433212,"pi","highanchor",40000
"4191",2433418,"pi","lowanchor",5000
"4192",2433581,"pi","highanchor",36000
"4193",2433634,"pi","lowanchor",2500
"4194",2433644,"pi","highanchor",40000
"4195",2433779,"pi","lowanchor",20000
"4196",2433793,"pi","highanchor",42000
"4197",2433832,"pi","highanchor",44000
"4198",2433883,"pi","lowanchor",2500
"4199",2433991,"pi","lowanchor",2800
"4200",2433993,"pi","highanchor",45000
"4201",2434153,"pi","highanchor",29000
"4202",2434189,"pi","lowanchor",2800
"4203",2434213,"pi","lowanchor",38000
"4204",2434351,"pi","lowanchor",3200
"4205",2434485,"pi","lowanchor",17000
"4206",2434491,"pi","highanchor",35000
"4207",2434511,"pi","lowanchor",29000
"4209",2434697,"pi","highanchor",45000
"4210",2434769,"pi","highanchor",3600
"4211",2434780,"pi","highanchor",38000
"4212",2434816,"pi","highanchor",30000
"4213",2434829,"pi","highanchor",30000
"4215",2434986,"pi","lowanchor",6000
"4216",2435000,"pi","highanchor",30000
"4217",2435009,"pi","lowanchor",2350
"4219",2435072,"pi","highanchor",32000
"4221",2435167,"pi","lowanchor",17000
"4222",2435277,"pi","lowanchor",6000
"4223",2435558,"pi","highanchor",30000
"4224",2435566,"pi","highanchor",37000
"4225",2435601,"pi","lowanchor",3500
"4226",2435618,"pi","highanchor",29000
"4227",2435669,"pi","lowanchor",3000
"4228",2435717,"pi","highanchor",45000
"4229",2435772,"pi","lowanchor",28000
"4230",2435783,"pi","lowanchor",2600
"4231",2435793,"pi","lowanchor",4000
"4232",2435810,"pi","lowanchor",3000
"4233",2435906,"pi","highanchor",22000
"4234",2435919,"pi","highanchor",24000
"4235",2436007,"pi","highanchor",45000
